file_name,label
304037982.mp4,13
303746162.mp4,6
303942687.mp4,0
30018754.mp4,2
304078846.mp4,2
304069544.mp4,3
303783414.mp4,4
30393422.mp4,13
305345937.mp4,6
308166809.mp4,9
310524138.mp4,6
307240559.mp4,9
306772421.mp4,6
303771055.mp4,13
303866446.mp4,3
320717634.mp4,8
303922809.mp4,11
320101153.mp4,3
325491436.mp4,10
337689228.mp4,6
329729162.mp4,8
325213068.mp4,6
333014934.mp4,9
332385400.mp4,9
344025523.mp4,9
326999982.mp4,6
34623580.mp4,3
341676117.mp4,6
346789577.mp4,6
36012750.mp4,10
333157148.mp4,5
352065396.mp4,6
358656638.mp4,13
349118501.mp4,6
363902454.mp4,6
36845841.mp4,6
368475257.mp4,9
372665420.mp4,6
360909295.mp4,6
372815696.mp4,6
39320084.mp4,9
40200996.mp4,6
38627793.mp4,6
371042623.mp4,8
408600299_117_127.mp4,14
42484282.mp4,6
408599503_47_57.mp4,11
438532167_36_46.mp4,11
365340885.mp4,10
409854840.mp4,5
429736530_10_20.mp4,14
469167330_18_28.mp4,14
39321827.mp4,10
48362666.mp4,3
50461387.mp4,6
477019121_32_42.mp4,14
48575368.mp4,10
5051730.mp4,6
502611997.mp4,9
501034834.mp4,14
477818029_16_26.mp4,14
49216813.mp4,6
477818029_5_15.mp4,14
504537941_192_202.mp4,14
505706809_9_19.mp4,14
498827293.mp4,2
508659635.mp4,9
510664476.mp4,5
51488569.mp4,1
515340506.mp4,9
514132032_29_39.mp4,1
514384290.mp4,9
515111914.mp4,9
5266876.mp4,9
52378965.mp4,10
514132032_99_109.mp4,1
52503778.mp4,9
5258353.mp4,10
536112086.mp4,0
518226293.mp4,9
535778223.mp4,9
537167457.mp4,9
537271104.mp4,14
541586604.mp4,8
541318264.mp4,9
54945826.mp4,6
545952117.mp4,0
543128149.mp4,8
547837942_145_155.mp4,11
545297066.mp4,9
540348026_28_38.mp4,1
537451045_56_66.mp4,14
551123797_30_40.mp4,1
551123797_12_22.mp4,11
551709731.mp4,9
558661802.mp4,9
560572233.mp4,14
556558364.mp4,9
543121627.mp4,9
556337074.mp4,5
546648200_30_40.mp4,14
556786463.mp4,9
556382066_145_155.mp4,9
554809537.mp4,9
564176396.mp4,14
57105294.mp4,10
57351046.mp4,6
573436213_128_138.mp4,3
5738877.mp4,10
5642462.mp4,6
565820325.mp4,9
568191064_27_37.mp4,11
573436213_173_183.mp4,1
567746361.mp4,5
574253307.mp4,9
576776907.mp4,1
577824608.mp4,9
581001724_11_21.mp4,14
588848124.mp4,6
592129807.mp4,3
59542068.mp4,6
602356487.mp4,9
59914539.mp4,6
581135285.mp4,14
593524959.mp4,3
601676033.mp4,5
5902704.mp4,9
601130160.mp4,14
603592416.mp4,9
607278238.mp4,9
602442067_25_35.mp4,14
603115289_33_43.mp4,14
602483988_142_152.mp4,6
605741545_101_111.mp4,14
608289523.mp4,9
600413707_144_154.mp4,4
611465932_16_26.mp4,14
606169000_143_153.mp4,4
606999518_38_48.mp4,10
6107590.mp4,9
611465932_5_15.mp4,14
615284468_36_46.mp4,4
612927417.mp4,11
617926001_33_43.mp4,9
626654758_145_155.mp4,1
623849245_45_55.mp4,9
617981682_220_230.mp4,1
626640836_15_25.mp4,14
623074231_70_80.mp4,1
626014566.mp4,4
617926001_7_17.mp4,4
614153128.mp4,9
61686127.mp4,9
631397037_153_163.mp4,1
626800897_217_227.mp4,10
635754867_8_18.mp4,9
627448934.mp4,0
635754867_34_44.mp4,9
635644677_101_111.mp4,1
632568975_196_206.mp4,1
631397037_47_57.mp4,1
632496482_131_141.mp4,1
629457573.mp4,9
641025194_186_196.mp4,11
639123480.mp4,9
639250267_220_230.mp4,1
636288992.mp4,9
636873741_62_72.mp4,1
639669265.mp4,2
636781507_139_149.mp4,1
636918173.mp4,9
632496482_199_209.mp4,2
637674945.mp4,14
651622935.mp4,8
670254098_42_52.mp4,11
641803391.mp4,14
64309982.mp4,10
641554605_70_80.mp4,1
6492032.mp4,11
669938845_106_116.mp4,1
641554605_220_230.mp4,1
643955341.mp4,5
6707281.mp4,9
666643153.mp4,9
689096551.mp4,11
671288999.mp4,8
671130847.mp4,9
674641233_95_105.mp4,9
683965826_70_80.mp4,1
676175358.mp4,9
6732761.mp4,10
676636563_70_80.mp4,1
689998346_70_80.mp4,4
676344603_70_80.mp4,11
688364453.mp4,5
682933378.mp4,9
6946994.mp4,13
690925482.mp4,3
691825569_70_80.mp4,1
690153645_70_80.mp4,4
690204471_70_80.mp4,1
69482322.mp4,3
691373102.mp4,11
694085350.mp4,2
690204471_145_155.mp4,1
693131329_145_155.mp4,1
693550664.mp4,9
69498975.mp4,6
695285383_220_230.mp4,1
695523226_70_80.mp4,1
695585839_70_80.mp4,1
698571268.mp4,5
699205724_30_40.mp4,9
69928630.mp4,6
697397329_110_120.mp4,2
697397329_52_62.mp4,2
695599119_54_64.mp4,11
697317054_67_77.mp4,14
695585839_145_155.mp4,1
696564664_58_68.mp4,4
697070157_177_187.mp4,1
701407973.mp4,9
704471180.mp4,9
699578156_70_80.mp4,3
702870911_22_32.mp4,4
70396709.mp4,9
707345459.mp4,13
706227531.mp4,8
705087609_4_14.mp4,14
699517398.mp4,9
698099499_9_19.mp4,9
706755641.mp4,9
711973310_16_26.mp4,9
712154763.mp4,6
717586170_10_20.mp4,9
712309585.mp4,9
71257269.mp4,1
718805350_7_17.mp4,6
715079080.mp4,9
706186804_211_221.mp4,11
718805350_33_43.mp4,9
717407230_22_32.mp4,4
736167763.mp4,6
729324696_48_58.mp4,4
71914397.mp4,1
73060951.mp4,6
712265316.mp4,10
72588892.mp4,3
722887206.mp4,9
722620921.mp4,5
729324696_8_18.mp4,4
748491221_220_230.mp4,1
7416208.mp4,9
729641465.mp4,6
74147795.mp4,10
737518908_146_156.mp4,1
744306825_95_105.mp4,11
747948309_41_51.mp4,3
744247349.mp4,0
749942461_74_84.mp4,4
749942461_58_68.mp4,4
748103329.mp4,9
761042646_145_155.mp4,1
760912618.mp4,2
750939902.mp4,3
749414004.mp4,9
753444376.mp4,5
747948309_10_20.mp4,9
759669572.mp4,10
765155432_53_63.mp4,5
765155432_72_82.mp4,9
766581798.mp4,5
768032195_70_80.mp4,1
764639674_41_51.mp4,4
765629064.mp4,9
768223187.mp4,9
765713702.mp4,5
770115835.mp4,4
770499232.mp4,9
77267354.mp4,9
766591301_68_78.mp4,0
778582774_145_155.mp4,9
774775670.mp4,9
775481918.mp4,0
774378691_22_32.mp4,12
774327707.mp4,5
776449937.mp4,9
770845101.mp4,5
773924242_46_56.mp4,9
776358091_145_155.mp4,1
783913871_220_230.mp4,9
784648406_32_42.mp4,7
786807426.mp4,9
786476903.mp4,5
79119610.mp4,1
787361511_17_27.mp4,5
773243351_129_139.mp4,4
784648406_69_79.mp4,11
790103905.mp4,9
787361511_51_61.mp4,4
789843145.mp4,8
788994036_5_15.mp4,12
791726161.mp4,14
792710970.mp4,5
790494613_39_49.mp4,4
797235482_145_155.mp4,1
79748834.mp4,3
794662928_70_80.mp4,1
794987630.mp4,14
797546417_72_82.mp4,0
796231945_11_21.mp4,12
796231945_27_37.mp4,12
800849666_70_80.mp4,1
797546417_46_56.mp4,1
813428264.mp4,9
798027569_29_39.mp4,1
812120053.mp4,9
801303647.mp4,9
813210203.mp4,9
807122394.mp4,6
800413801_45_55.mp4,4
813337887_25_35.mp4,8
815881327.mp4,9
815032153.mp4,9
826212130_10_20.mp4,7
82722526.mp4,9
813514296_12_22.mp4,12
822833754_48_58.mp4,7
817822054_32_42.mp4,11
818855951.mp4,12
820130552.mp4,5
820039737_57_67.mp4,2
826153989.mp4,4
829908958.mp4,12
830404487.mp4,10
828364025_31_41.mp4,4
829923135_61_71.mp4,10
828058750_130_140.mp4,3
828113785.mp4,1
819154079_220_230.mp4,1
827826075.mp4,2
830345084.mp4,14
837148190.mp4,5
832620875.mp4,9
831876.mp4,9
831668193.mp4,2
837886335.mp4,13
829934723_164_174.mp4,11
830715480.mp4,9
830625195.mp4,9
839001830.mp4,12
833873906_16_26.mp4,11
843371602.mp4,0
836016047_59_69.mp4,11
832794828_47_57.mp4,11
838716540.mp4,11
837503823.mp4,4
843210893_177_187.mp4,0
848738021.mp4,12
848484606.mp4,0
842701577.mp4,10
844872838.mp4,9
841981499_145_155.mp4,11
850459947.mp4,9
843718136.mp4,9
845864817.mp4,14
850441472.mp4,3
849380467.mp4,2
850712126.mp4,3
852924390.mp4,7
853244558.mp4,9
853499607.mp4,6
851988511.mp4,6
852930452_178_188.mp4,4
855660919_11_21.mp4,11
850808198.mp4,9
854991739.mp4,8
855121784.mp4,9
853720165.mp4,9
854822864.mp4,9
856436598.mp4,12
857410894.mp4,7
857407018_145_155.mp4,9
855780574_39_49.mp4,2
856158461.mp4,1
857984675.mp4,9
857783106.mp4,13
857104142.mp4,13
858710699.mp4,1
857622450.mp4,9
862381695.mp4,2
857688282.mp4,3
858720824.mp4,0
858493557_116_126.mp4,1
858926243.mp4,1
860892905.mp4,8
859592443.mp4,3
862528275.mp4,12
863149037.mp4,5
863946914_23_33.mp4,2
859506628_196_206.mp4,3
862817753.mp4,13
862565823.mp4,12
862063858.mp4,0
860191108.mp4,9
862680857_157_167.mp4,2
863818416.mp4,3
868096020.mp4,9
865456576_80_90.mp4,14
863068014.mp4,0
864224574.mp4,1
864470780_220_230.mp4,1
863169253.mp4,8
864289450_32_42.mp4,4
865977163.mp4,13
869923752.mp4,5
869178884.mp4,14
868019225_220_230.mp4,1
867206855_47_57.mp4,14
868673979_22_32.mp4,1
869682146.mp4,2
864558817.mp4,0
868490705.mp4,0
870498360.mp4,6
870106187.mp4,14
871273898_41_51.mp4,1
870868157.mp4,5
870561850.mp4,10
869489791_145_155.mp4,1
870407356_41_51.mp4,9
870573538.mp4,1
870971371.mp4,5
871184135.mp4,13
870957188.mp4,0
872048877.mp4,0
87223749.mp4,6
871493696.mp4,0
871106242.mp4,9
870653292.mp4,9
871377238.mp4,2
871165537.mp4,9
871706274_71_81.mp4,12
872815707.mp4,0
872395934.mp4,13
873006562.mp4,12
873459929.mp4,13
872808790.mp4,6
872986829.mp4,0
873574846.mp4,0
873890800.mp4,11
873310341.mp4,13
872979960.mp4,12
873717291_20_30.mp4,11
873717291_45_55.mp4,11
874001655.mp4,9
874937798.mp4,5
8744603.mp4,10
874379975.mp4,0
874273086.mp4,4
875705468_4_14.mp4,0
875168691.mp4,6
875020414.mp4,1
875649979.mp4,9
874969579.mp4,1
875400691.mp4,0
875644481.mp4,2
877107361.mp4,13
876037195_13_23.mp4,2
876477001.mp4,2
877583516_74_84.mp4,8
877249843.mp4,5
878038920.mp4,8
876187466.mp4,5
875739492.mp4,6
877334717.mp4,2
878078287.mp4,0
879003911.mp4,0
877523625.mp4,8
878732672_52_62.mp4,5
877917485.mp4,13
878575231.mp4,12
878575545.mp4,0
879817699.mp4,1
878660720.mp4,2
878986246.mp4,13
879095619.mp4,8
881951515.mp4,13
881899394.mp4,3
879516906.mp4,2
880869158.mp4,4
879744805.mp4,6
880002110_96_106.mp4,1
879547948.mp4,9
879825155_56_66.mp4,1
879303638.mp4,4
880362805.mp4,12
883241555_54_64.mp4,2
882929978_69_79.mp4,14
881902836.mp4,11
882203263.mp4,2
882929978_218_228.mp4,14
882718107.mp4,11
883309129.mp4,11
882943963_103_113.mp4,2
882929978_144_154.mp4,14
882760008.mp4,5
883775405.mp4,0
884621194.mp4,8
886339379_26_36.mp4,11
887501624.mp4,9
885245494.mp4,5
884937937.mp4,13
885365555.mp4,14
884748270_152_162.mp4,12
885102361.mp4,2
885579319.mp4,0
887213280.mp4,13
887486577.mp4,3
887611305.mp4,2
885328640.mp4,12
888739850_32_42.mp4,2
888065475.mp4,11
888514991_25_35.mp4,2
888514991_85_95.mp4,2
888514991_55_65.mp4,2
888671701.mp4,0
890010075.mp4,9
889208876.mp4,13
893758840.mp4,0
892779858_170_180.mp4,12
892760815_57_67.mp4,0
890402646.mp4,5
89318058.mp4,9
891555421.mp4,3
890929937_18_28.mp4,12
889213666.mp4,13
891644597.mp4,9
895265820_10_20.mp4,5
894563951.mp4,9
896702363.mp4,4
896319825.mp4,4
894157778.mp4,3
896533106.mp4,12
894518711.mp4,1
895698686.mp4,6
893894475.mp4,2
895794270_40_50.mp4,2
896815595_211_221.mp4,11
896818669.mp4,9
896859690_38_48.mp4,2
896906535.mp4,5
898713711.mp4,0
897974621_70_80.mp4,4
898979241_23_33.mp4,12
897408931_220_230.mp4,7
897123691_67_77.mp4,11
898839907.mp4,9
897551456.mp4,12
898969484_32_42.mp4,4
899183470.mp4,9
899865823.mp4,3
899731707_220_230.mp4,1
